Nom,Pays,Ligue,Titres_championnat,Titres_Champions_League,Meilleur_classement
Real Madrid,Espagne,La Liga,36,15,1
FC Barcelone,Espagne,La Liga,28,5,1
Atletico Madrid,Espagne,La Liga,11,0,1
Athletic Bilbao,Espagne,La Liga,8,0,1
Valencia CF,Espagne,La Liga,6,0,1
Sevilla FC,Espagne,La Liga,1,0,1
Real Sociedad,Espagne,La Liga,2,0,1
Villarreal CF,Espagne,La Liga,0,0,2
Real Betis,Espagne,La Liga,2,0,3
Deportivo La Coruna,Espagne,La Liga,1,0,1
Celta de Vigo,Espagne,La Liga,0,0,3
RCD Espanyol,Espagne,La Liga,0,0,4
Rayo Vallecano,Espagne,La Liga,0,0,6
Getafe CF,Espagne,La Liga,0,0,5
Osasuna,Espagne,La Liga,0,0,4
Mallorca,Espagne,La Liga,0,0,5
Girona FC,Espagne,La Liga,0,0,3
Alaves,Espagne,La Liga,0,0,9
Las Palmas,Espagne,La Liga,0,0,8
Bayern Munich,Allemagne,Bundesliga,35,6,1
Borussia Dortmund,Allemagne,Bundesliga,8,1,1
Borussia Mönchengladbach,Allemagne,Bundesliga,5,0,1
Bayer Leverkusen,Allemagne,Bundesliga,1,0,1
RB Leipzig,Allemagne,Bundesliga,0,0,2
Eintracht Francfort,Allemagne,Bundesliga,1,0,3
Wolfsburg,Allemagne,Bundesliga,1,0,1
Schalke 04,Allemagne,Bundesliga,0,0,2
Hambourg SV,Allemagne,Bundesliga,6,1,1
Werder Brême,Allemagne,Bundesliga,4,0,1
VfB Stuttgart,Allemagne,Bundesliga,3,0,1
1. FC Köln,Allemagne,Bundesliga,3,0,1
1. FC Nürnberg,Allemagne,Bundesliga,9,0,1
Hertha Berlin,Allemagne,Bundesliga,0,0,6
Union Berlin,Allemagne,Bundesliga,0,0,5
Freiburg,Allemagne,Bundesliga,0,0,4
Augsbourg,Allemagne,Bundesliga,0,0,5
Mainz 05,Allemagne,Bundesliga,0,0,5
Paris Saint-Germain,France,Ligue 1,15,2,1
AS Saint-Etienne,France,Ligue 1,10,0,1
Olympique de Marseille,France,Ligue 1,11,1,1
AS Monaco,France,Ligue 1,8,0,1
FC Nantes,France,Ligue 1,8,0,1
Olympique Lyonnais,France,Ligue 1,7,0,1
FC Girondins de Bordeaux,France,Ligue 1,6,0,1
LOSC Lille,France,Ligue 1,4,0,1
Stade de Reims,France,Ligue 1,6,0,1
RC Lens,France,Ligue 1,1,0,1
Stade Rennais,France,Ligue 1,2,0,2
AJ Auxerre,France,Ligue 1,1,0,3
Montpellier HSC,France,Ligue 1,1,0,1
Toulouse FC,France,Ligue 1,0,0,4
Le Havre AC,France,Ligue 1,0,0,8
Strasbourg,France,Ligue 1,1,0,4
Nice,France,Ligue 1,4,0,2
Metz,France,Ligue 1,0,0,5
Brest,France,Ligue 1,0,0,3
Juventus,Italie,Serie A,36,2,1
Inter Milan,Italie,Serie A,20,3,1
AC Milan,Italie,Serie A,19,7,1
Genoa CFC,Italie,Serie A,9,0,1
SSC Naples,Italie,Serie A,4,0,1
Torino,Italie,Serie A,7,0,1
Bologna,Italie,Serie A,7,0,1
Lazio Rome,Italie,Serie A,2,0,1
AS Roma,Italie,Serie A,3,0,1
Fiorentina,Italie,Serie A,2,0,2
Atalanta,Italie,Serie A,0,0,2
Sampdoria,Italie,Serie A,1,0,3
Cagliari Calcio,Italie,Serie A,1,0,3
Hellas Verone,Italie,Serie A,1,0,5
Udinese,Italie,Serie A,0,0,2
Parme,Italie,Serie A,0,0,5
Sassuolo,Italie,Serie A,0,0,6
Empoli,Italie,Serie A,0,0,10
Lecce,Italie,Serie A,0,0,10
Monza,Italie,Serie A,0,0,12
Manchester United,Angleterre,Premier League,20,3,1
Liverpool FC,Angleterre,Premier League,19,6,1
Arsenal FC,Angleterre,Premier League,14,0,1
Everton FC,Angleterre,Premier League,9,0,4
Aston Villa,Angleterre,Premier League,7,1,1
Manchester City,Angleterre,Premier League,10,1,1
Chelsea FC,Angleterre,Premier League,7,2,1
Sunderland,Angleterre,Premier League,6,0,7
Newcastle United,Angleterre,Premier League,4,0,2
Sheffield Wednesday,Angleterre,Premier League,4,0,3
Tottenham Hotspur,Angleterre,Premier League,2,0,2
Ipswich Town,Angleterre,Premier League,1,0,1
Nottingham Forest,Angleterre,Premier League,1,2,1
Derby County,Angleterre,Premier League,2,0,4
Blackburn Rovers,Angleterre,Premier League,3,0,1
Leeds United,Angleterre,Premier League,3,0,1
Wolverhampton,Angleterre,Premier League,3,0,5
Leicester City,Angleterre,Premier League,1,0,1
Burnley,Angleterre,Premier League,2,0,2
West Bromwich Albion,Angleterre,Premier League,1,0,4
Brighton,Angleterre,Premier League,0,0,6
Brentford,Angleterre,Premier League,0,0,9
Benfica,Portugal,Primeira Liga,38,2,1
FC Porto,Portugal,Primeira Liga,30,2,1
Sporting CP,Portugal,Primeira Liga,21,0,1
Boavista,Portugal,Primeira Liga,1,0,1
Belenenses,Portugal,Primeira Liga,1,0,1
SC Braga,Portugal,Primeira Liga,0,0,3
Vitoria Guimaraes,Portugal,Primeira Liga,0,0,4
Santa Clara,Portugal,Primeira Liga,0,0,6
Famalicao,Portugal,Primeira Liga,0,0,5
Palmeiras,Brésil,Brasileirao,12,0,1
Santos FC,Brésil,Brasileirao,8,0,1
Flamengo,Brésil,Brasileirao,8,0,1
Sao Paulo FC,Brésil,Brasileirao,6,0,1
Corinthians,Brésil,Brasileirao,7,0,1
Cruzeiro,Brésil,Brasileirao,4,0,1
Grêmio,Brésil,Brasileirao,2,0,1
Internacional,Brésil,Brasileirao,3,0,1
Fluminense,Brésil,Brasileirao,4,0,1
Atletico Mineiro,Brésil,Brasileirao,2,0,1
Vasco da Gama,Brésil,Brasileirao,4,0,3
Botafogo,Brésil,Brasileirao,2,0,1
Bahia,Brésil,Brasileirao,2,0,3
Sport Recife,Brésil,Brasileirao,1,0,4
Coritiba,Brésil,Brasileirao,1,0,4
Guarani,Brésil,Brasileirao,1,0,3
Fortaleza,Brésil,Brasileirao,0,0,3
RB Bragantino,Brésil,Brasileirao,0,0,4
